[{"id":5000,"name":"Bengo"},
{"id":5001,"name":"Benguela"},
{"id":5002,"name":"Bié"},
{"id":5003,"name":"Cabinda"},
{"id":5004,"name":"Cuando Cubango"},
{"id":5005,"name":"Cuanza Norte"},
{"id":5006,"name":"Cuanza Sul"},
{"id":5007,"name":"Cunene"},
{"id":5008,"name":"Huambo"},
{"id":5009,"name":"Huíla"},
{"id":5010,"name":"Luanda"},
{"id":5011,"name":"Lunda Norte"},
{"id":5012,"name":"Luanda Sul"},
{"id":5013,"name":"Malanje"},
{"id":5014,"name":"Moxico"},
{"id":5015,"name":"Namibe"},
{"id":5016,"name":"Uíge"},
{"id":5017,"name":"Zaire"}
]